Node1,Node2,Sign
ABL1,CAT,1
ABL1,CEBPB,1
ABL1,DNM2,1
ABL1,GRB2,1
ABL1,JUN,1
ABL1,NCK1,1
ABL1,PRKCD,1
ABL1,PRKD1,1
ABL1,RAD9A,1
ABL1,SHC1,1
ABL1,STAT1,1
ABL1,VAV1,1
ACO1,Enzyme3825__ACO1,1
ACO1,Enzyme3825__ACO1_reverse,1
ACO1,Enzyme9711__ACO1,1
ACO1,Enzyme9711__ACO1_reverse,1
ACO1,Enzyme9732__ACO1,1
ACO1,Enzyme97__ACO1,1
ACO1,Enzyme97__ACO1_reverse,1
ACTB,ABL1,-1
ACTB,ARPC2,1
ACTB,CTTN,1
ADAM12,ITGB1,1
ADAM12,PIK3CA,1
ANXA2,PLAT,1
ARAF,MAP2K1,1
ARAF,MAPK1,1
ARAF,MAPK3,1
ARF1,GIT1,-1
ARPC2,ACTB,1
ATF1,JUN,1
BBC3,BCL2,-1
BCL10,IKBKG,1
BCL10,RELA,1
BCL2,MYC,1
BCL2,PARP1,-1
BCL2L11,BCL2,-1
BNIP3,BCL2,-1
BNIP3L,BCL2,-1
BRD4,MYC,-1
CAPN2,BCL2,-1
CCNE2,CDKN1B,-1
CDC25A,CCNE1,1
CDC25A,CDK4,1
CDC25A,MAPK3,-1
CDK4,PRKAR1A,1
CDK4,RBL1,-1
CDK4,SMAD3,-1
CDKN1B,CCNE1,-1
CDKN1B,CCNE2,-1
CDKN1B,CDK4,-1
CEBPB,CREB1,1
CEBPB,RUNX2,1
CREB1,SMAD3,1
CREB1,TP53,1
CRK,MAPK8,1
CRK,PIK3CA,1
CRK,PIK3R2,1
CRK,PTK2,1
CSNK2B,RELA,1
CSNK2B,TP53,1
CTTN,ACTB,1
CTTN,ARPC2,1
CUL1,CDKN1B,-1
CUL1,SMAD3,-1
DAG1,PRKCA,1
DDB2,DDB1,-1
DDR1,SHC1,1
DDR2,SHC1,1
DGKD,Enzyme334__DGKD,1
DLC1,BCL2L11,-1
DNM1,MYO1E,1
DNM2,VAV1,1
DUSP1,MAPK1,1
DUSP1,MAPK14,1
DUSP1,MAPK3,1
DUSP1,MAPK8,1
DVL1,JUN,1
DVL1,SMAD3,1
EGR1,DUSP1,1
EGR1,TOPBP1,1
EGR1,TP53,1
EIF2AK2,STAT1,1
EIF2AK2,TP53,1
EIF4E,SMAD3,1
EIF4E,SMAD4,1
EIF4EBP1,EIF4E,-1
EIF4G1,EIF4E,1
ELAVL1,DUSP1,1
ELAVL1,EIF4E,1
ELAVL1,FOS,1
ELAVL1,MYC,-1
ELAVL1,TP53,1
ELK1,FOS,1
ELK4,FOS,1
EZR,PTK2,1
FGFR2,PTEN,1
FOS,ELK1,1
FOS,ETS1,1
FOS,JUN,1
GIT1,ARF1,-1
GIT1,MAP2K1,1
GIT1,PTK2,1
GRB10,ABL1,1
GRB10,PIK3CA,1
GRB2,DNM1,1
GRB2,ELK1,1
GRB2,HRAS,1
GRB2,PTK2,1
Enzyme168700002__SLC25A1,Metab__Isocitric acid_c,1
Enzyme168800001__SLC25A1,Metab__Citric acid_m,1
Enzyme220500001__SLC25A1,Metab__Citric acid_c,1
Enzyme220600001__SLC25A1,Metab__Isocitric acid_c,1
Enzyme220700002__SLC25A1,Metab__cis-Aconitic acid_c,1
Enzyme220800002__SLC25A1,Metab__Citric acid_m,1
Enzyme221400002__SLC25A1,Metab__Citric acid_m,1
Enzyme221500003__SLC25A1,Metab__Isocitric acid_m,1
Enzyme221700003__SLC25A1,Metab__Isocitric acid_m,1
Enzyme221900002__SLC25A1,Metab__Isocitric acid_m,1
Enzyme334__DGKD,pa_hs,1
Enzyme3825__ACO1,Metab__Isocitric acid_c,1
Enzyme3825__ACO1_reverse,Metab__Citric acid_c,1
Enzyme3825__IREB2,Metab__Isocitric acid_c,1
Enzyme3825__IREB2_reverse,Metab__Citric acid_c,1
Enzyme4818__PTEN,pail_hs,1
Enzyme616500001__SLC25A1,Metab__Citric acid_c,1
Enzyme616600001__SLC25A1,Metab__Isocitric acid_c,1
Enzyme616700002__SLC25A1,Metab__Citric acid_c,1
Enzyme616800001__SLC25A1,Metab__Isocitric acid_c,1
Enzyme617500002__SLC25A1,Metab__cis-Aconitic acid_c,1
Enzyme617600002__SLC25A1,Metab__cis-Aconitic acid_c,1
Enzyme618000003__SLC25A1,Metab__Citric acid_m,1
Enzyme618100002__SLC25A1,Metab__Isocitric acid_m,1
Enzyme619000002__SLC25A1,Metab__Isocitric acid_c,1
Enzyme619100002__SLC25A1,Metab__cis-Aconitic acid_c,1
Enzyme6248__PLD2,pa_hs,1
Enzyme6248__PLD2_reverse,pail_hs,1
Enzyme9711__ACO1,Metab__cis-Aconitic acid_m,1
Enzyme9711__ACO1_reverse,Metab__Citric acid_m,1
Enzyme9711__ACO2,Metab__cis-Aconitic acid_m,1
Enzyme9711__ACO2_reverse,Metab__Citric acid_m,1
Enzyme9732__ACO1,Metab__cis-Aconitic acid_m,1
Enzyme9732__ACO2,Metab__cis-Aconitic acid_m,1
Enzyme97__ACO1,Metab__Isocitric acid_m,1
Enzyme97__ACO1_reverse,Metab__Citric acid_m,1
Enzyme97__ACO2,Metab__Isocitric acid_m,1
Enzyme97__ACO2_reverse,Metab__Citric acid_m,1
Enzyme982500001__SLC25A1,Metab__Citric acid_m,1
Enzyme982500002__SLC25A1,Metab__Isocitric acid_c,1
Enzyme9857__orphanReacr1109,Metab__2-Oxobutanedioic acid_m,1
Enzyme986100002__SLC25A1,Metab__Isocitric acid_c,1
HIF1A,BNIP3,1
HIF1A,TP53,1
HMGB1,NFKB1,1
HMGB1,TP53,1
HRAS,ARAF,1
HRAS,JUN,1
HRAS,MAPK8,1
HRAS,PIK3CA,1
HRAS,PIK3CB,1
HRAS,PIK3CD,1
HRAS,PIK3R2,1
HRAS,SDC2,1
HSP90AA1,BCL2,1
HSP90AA1,HIF1A,-1
HSP90AA1,TP53,-1
HSP90AB1,HIF1A,-1
IFNAR1,IFNGR1,1
IFNAR1,JAK1,1
IFNAR2,JAK1,1
IFNAR2,STAT1,1
IFNAR2,STAT2,1
IFNAR2,TYK2,1
IFNGR1,JAK1,1
IFNGR1,STAT1,1
IGF1R,GRB10,1
IGF1R,JAK1,1
IGF1R,PIK3R2,1
IGF1R,PTK2,1
IGF1R,SHC1,1
IKBKG,NFKB1,1
IKBKG,RELA,1
IRF9,IFNAR2,1
ITGB1,PRKACA,1
ITGB1,PTK2,1
ITGB4,PIK3CA,1
ITGB4,PIK3CB,1
ITGB4,PIK3CD,1
ITGB4,PTK2,1
ITGB4,SRC,1
ITGB5,PTK2,1
ITGB5,SRC,1
ITGB8,PTK2,1
ITGB8,SRC,1
JAK1,GRB2,1
JAK1,PIK3R2,1
JAK1,PTPN11,1
JAK1,SHC1,1
JAK1,STAM2,1
JAK1,STAT1,1
JAK1,STAT2,1
JAK1,TYK2,1
JUN,CREB1,1
JUN,EGR1,1
JUN,ETS1,1
JUN,SMAD4,1
LRP6,DVL1,1
MAP2K1,ELK1,1
MAP2K1,MAPK1,1
MAP2K1,MAPK14,1
MAP2K1,MAPK3,1
MAP2K1,RPS6KA4,1
MAP2K3,MAPK11,1
MAP2K3,MAPK14,1
MAP2K3,MAPK3,1
MAPK1,CAPN2,1
MAPK1,CEBPB,1
MAPK1,CREB1,1
MAPK1,EIF2AK2,1
MAPK1,EIF4EBP1,-1
MAPK1,ELK1,1
MAPK1,ELK4,1
MAPK1,ETS1,1
MAPK1,FOS,1
MAPK1,GRB10,1
MAPK1,GRB2,1
MAPK1,HIF1A,1
MAPK1,JUN,1
MAPK1,LRP6,1
MAPK1,MAP2K3,1
MAPK1,MAPK3,1
MAPK1,MKNK1,1
MAPK1,MKNK2,1
MAPK1,PARP1,1
MAPK1,PRKACA,1
MAPK1,RELA,1
MAPK1,RPS6KA1,1
MAPK1,RPS6KA3,1
MAPK1,RPS6KA4,1
MAPK1,RPS6KA5,1
MAPK1,SLC9A1,1
MAPK1,SMAD3,1
MAPK1,SMAD4,1
MAPK1,SP1,1
MAPK1,SP3,1
MAPK1,SPHK1,1
MAPK1,STAT1,1
MAPK1,TAGLN2,1
MAPK1,TP53,1
MAPK11,ELK1,1
MAPK11,ELK4,1
MAPK11,JUN,1
MAPK11,MAPK14,1
MAPK11,RPS6KA5,1
MAPK11,STAT1,1
MAPK11,TP53,1
MAPK14,BCL2,-1
MAPK14,CDC25A,-1
MAPK14,CSNK2B,1
MAPK14,EIF4EBP1,-1
MAPK14,ELAVL1,1
MAPK14,ELK1,1
MAPK14,ELK4,1
MAPK14,ETS1,1
MAPK14,FOS,1
MAPK14,JUN,1
MAPK14,MKNK1,1
MAPK14,MKNK2,1
MAPK14,RELA,1
MAPK14,RPS6KA4,1
MAPK14,RPS6KA5,1
MAPK14,RUNX2,1
MAPK14,SLC9A1,1
MAPK14,SMAD3,1
MAPK14,STAT1,1
MAPK14,TP53,1
MAPK14,USF1,1
MAPK3,CAPN2,1
MAPK3,CEBPB,1
MAPK3,CREB1,1
MAPK3,ELK1,1
MAPK3,ELK4,1
MAPK3,ETS1,1
MAPK3,FGFR2,-1
MAPK3,FOS,1
MAPK3,GRB10,1
MAPK3,HIF1A,1
MAPK3,JUN,1
MAPK3,LRP6,1
MAPK3,MAPK8,1
MAPK3,MKNK1,1
MAPK3,MKNK2,1
MAPK3,PTPN11,1
MAPK3,RPS6KA1,1
MAPK3,RPS6KA3,1
MAPK3,RPS6KA4,1
MAPK3,RPS6KA5,1
MAPK3,RUNX2,1
MAPK3,SHC1,1
MAPK3,SMAD3,1
MAPK3,SMAD4,1
MAPK3,SP1,1
MAPK3,SP3,1
MAPK3,SPHK1,1
MAPK3,TP53,1
MAPK8,BCL2,-1
MAPK8,BCL2L11,1
MAPK8,ELK1,1
MAPK8,ELK4,1
MAPK8,JUN,1
MAPK8,LRP6,1
MAPK8,MAPK14,1
MAPK8,SHC1,1
MAPK8,SMAD3,1
MAPK8,SMAD4,1
MAPK8,SP1,1
MAPK8,SRC,1
MAPK8,STAT1,1
MAPK8,TP53,1
MARCKS,ACTB,1
MKNK1,EIF4E,1
MKNK1,EIF4G1,1
MKNK2,EIF4E,1
MYC,BRD4,-1
MYC,CDC25A,1
MYC,CDK4,1
MYC,CDKN1B,-1
MYC,CUL1,1
MYC,HSP90AA1,1
MYC,PMAIP1,-1
MYO1E,PTK2,1
Metab__cis-Aconitic acid_m,Enzyme220700002__SLC25A1,1
Metab__cis-Aconitic acid_m,Enzyme617500002__SLC25A1,1
Metab__cis-Aconitic acid_m,Enzyme617600002__SLC25A1,1
Metab__cis-Aconitic acid_m,Enzyme619100002__SLC25A1,1
Metab__cis-Aconitic acid_m,Enzyme9711__ACO1_reverse,1
Metab__cis-Aconitic acid_m,Enzyme9711__ACO2_reverse,1
Metab__Citric acid_c,Enzyme168800001__SLC25A1,1
Metab__Citric acid_c,Enzyme220800002__SLC25A1,1
Metab__Citric acid_c,Enzyme221400002__SLC25A1,1
Metab__Citric acid_c,Enzyme3825__ACO1,1
Metab__Citric acid_c,Enzyme3825__IREB2,1
Metab__Citric acid_c,Enzyme618000003__SLC25A1,1
Metab__Citric acid_c,Enzyme982500001__SLC25A1,1
Metab__Citric acid_m,Enzyme220500001__SLC25A1,1
Metab__Citric acid_m,Enzyme616500001__SLC25A1,1
Metab__Citric acid_m,Enzyme616700002__SLC25A1,1
Metab__Citric acid_m,Enzyme9711__ACO1,1
Metab__Citric acid_m,Enzyme9711__ACO2,1
Metab__Citric acid_m,Enzyme97__ACO1,1
Metab__Citric acid_m,Enzyme97__ACO2,1
Metab__Citric acid_m,Enzyme9857__orphanReacr1109,1
Metab__Isocitric acid_c,Enzyme221500003__SLC25A1,1
Metab__Isocitric acid_c,Enzyme221700003__SLC25A1,1
Metab__Isocitric acid_c,Enzyme221900002__SLC25A1,1
Metab__Isocitric acid_c,Enzyme3825__ACO1_reverse,1
Metab__Isocitric acid_c,Enzyme3825__IREB2_reverse,1
Metab__Isocitric acid_c,Enzyme618100002__SLC25A1,1
Metab__Isocitric acid_m,Enzyme168700002__SLC25A1,1
Metab__Isocitric acid_m,Enzyme220600001__SLC25A1,1
Metab__Isocitric acid_m,Enzyme616600001__SLC25A1,1
Metab__Isocitric acid_m,Enzyme616800001__SLC25A1,1
Metab__Isocitric acid_m,Enzyme619000002__SLC25A1,1
Metab__Isocitric acid_m,Enzyme9732__ACO1,1
Metab__Isocitric acid_m,Enzyme9732__ACO2,1
Metab__Isocitric acid_m,Enzyme97__ACO1_reverse,1
Metab__Isocitric acid_m,Enzyme97__ACO2_reverse,1
Metab__Isocitric acid_m,Enzyme982500002__SLC25A1,1
Metab__Isocitric acid_m,Enzyme986100002__SLC25A1,1
pa_hs,Enzyme6248__PLD2_reverse,1
pail_hs,Enzyme1218__PLCB3,1
pail_hs,Enzyme1218__PLCB4,1
pail_hs,Enzyme1218__PLCD1,1
pail_hs,Enzyme1218__PLCD3,1
pail_hs,Enzyme1218__PLCE1,1
pail_hs,Enzyme1218__PLCG1,1
pail_hs,Enzyme1218__PLCG2,1
pail_hs,Enzyme241__CDIPT_reverse,1
pail_hs,Enzyme6248__PLD2,1
NCK1,PAK2,1
NEDD4L,SMAD3,-1
NFKB1,FOS,1
NFKB1,IKBKG,1
NFKB1,JUN,1
NFKB1,RELA,1
PAK2,ABL1,1
PAK2,JUN,1
PAK2,MYC,-1
PARP1,HIF1A,1
PARP1,NFKB1,1
PARP1,TP53,1
PIDD1,IKBKG,1
PIDD1,PRKDC,1
PIK3CA,CRK,1
PIK3CA,PRKCD,1
PIK3CA,PRKCZ,1
PIK3CA,PTK2,1
PIK3CA,VAV1,1
PIK3CB,PRKCD,1
PIK3CB,PRKCZ,1
PIK3CD,PRKCZ,1
PIK3R2,PIK3CB,1
PIK3R2,PTK2,1
PLAT,MAPK1,1
PLAT,MAPK3,1
PLCB3,Enzyme1218__PLCB3,1
PMAIP1,BCL2,-1
PPP1CC,BCL2,1
PPP1CC,CREB1,-1
PPP1CC,TP53,-1
PPP1R9B,PPP1CC,1
PRKACA,ATF1,1
PRKACA,CREB1,1
PRKACA,EZR,1
PRKACA,FOS,1
PRKACA,ITGB1,1
PRKACA,LRP6,1
PRKACA,MAPK1,1
PRKACA,NEDD4L,-1
PRKACA,NFKB1,1
PRKACA,PLCB3,-1
PRKACA,PPP1R9B,-1
PRKACA,RELA,1
PRKACA,SRC,1
PRKACA,SRF,1
PRKACA,TFAP2A,1
PRKAR1A,PRKACA,-1
PRKCA,ABL1,1
PRKCA,ACO1,-1
PRKCA,BCL2,-1
PRKCA,DAG1,1
PRKCA,DGKD,-1
PRKCA,EIF4E,1
PRKCA,EZR,1
PRKCA,FOS,1
PRKCA,HRAS,1
PRKCA,ITGB1,1
PRKCA,ITGB5,1
PRKCA,ITGB8,1
PRKCA,MAPK1,1
PRKCA,MAPK3,1
PRKCA,MARCKS,-1
PRKCA,NFE2L2,1
PRKCA,PLCB3,-1
PRKCA,PRKD1,1
PRKCA,PTK2,1
PRKCA,PTPN11,1
PRKCA,SDC2,1
PRKCA,SHC1,1
PRKCA,TLN1,1
PRKCA,TP53,1
PRKCD,CAT,1
PRKCD,ELAVL1,1
PRKCD,ITGB4,1
PRKCD,MAPK8,1
PRKCD,MARCKS,-1
PRKCD,NFE2L2,1
PRKCD,PRKD1,1
PRKCD,SHC1,1
PRKCD,STAT1,1
PRKCD,TP53,1
PRKCZ,ATP1A1,1
PRKCZ,HRAS,1
PRKCZ,JAK1,1
PRKCZ,MAPK1,1
PRKCZ,MAPK3,1
PRKCZ,NFKB1,1
PRKCZ,PRKD1,1
PRKCZ,RELA,1
PRKCZ,SP1,1
PRKD1,CREB1,1
PRKD1,CTTN,-1
PRKD1,DLC1,-1
PRKD1,ITGB4,1
PRKDC,ABL1,1
PRKDC,MAPK8,1
PRKDC,SRF,1
PRKDC,TP53,1
PRKDC,USF1,1
PTEN,CREB1,-1
PTEN,Enzyme4818__PTEN,1
PTEN,SHC1,-1
PTEN,SP1,-1
PTK2,ITGB4,1
PTK2,PIK3CA,1
PTK2,PIK3R2,1
PTK2,PTEN,-1
PTK2,SHC1,1
PTK2,STAT1,1
PTK2,TLN1,1
PTPN11,GRB2,1
PTPN11,HRAS,1
PTPN11,IGF1R,1
PTPN11,PIK3CA,1
PTPN11,STAT1,1
RAD9A,BCL2,-1
RAD9A,TOPBP1,1
RBL1,MYC,-1
RELA,EGR1,1
RELA,FOS,1
RELA,JUN,1
RELA,MYC,-1
RELA,PTEN,-1
RELA,SP1,1
RIPK2,BCL10,1
RIPK2,IKBKG,1
RIPK2,MAPK14,1
RIPK2,MAPK8,1
RPS6KA1,CDC25A,-1
RPS6KA1,CREB1,1
RPS6KA1,FOS,1
RPS6KA1,SLC9A1,1
RPS6KA1,SRF,1
RPS6KA1,VASP,-1
RPS6KA3,CREB1,1
RPS6KA3,EIF2AK2,1
RPS6KA3,FOS,1
RPS6KA3,SRF,1
RPS6KA4,ATF1,1
RPS6KA4,CREB1,1
RPS6KA4,FOS,1
RPS6KA4,RELA,1
RPS6KA5,ATF1,1
RPS6KA5,CREB1,1
RPS6KA5,EIF4EBP1,-1
RPS6KA5,ELK1,1
RPS6KA5,RELA,1
RUNX2,JUN,1
SDC2,EZR,1
SHC1,GRB2,1
SHC1,MAPK1,1
SHC1,PIK3CA,1
SLC9A1,EZR,1
SMAD3,CDC25A,-1
SMAD3,JUN,1
SMAD3,RBL1,1
SMAD3,SMAD4,1
SMAD3,STRAP,-1
SMAD4,ATF1,1
SMAD4,CREB1,1
SMAD4,FOS,1
SMAD4,RBL1,1
SNCA,MAPK1,1
SNCA,MAPK3,1
SOCS1,IFNGR1,1
SOCS1,JAK1,1
SP1,BBC3,1
SP1,BNIP3L,1
SP1,EZR,1
SP3,SP1,1
SRC,ABL1,1
SRC,ADAM12,1
SRC,ANXA2,1
SRC,ARAF,1
SRC,CTTN,-1
SRC,DDR2,1
SRC,DNM1,1
SRC,EZR,1
SRC,FGFR2,-1
SRC,FOS,1
SRC,GIT1,1
SRC,GRB2,1
SRC,HRAS,1
SRC,IGF1R,1
SRC,ITGB1,1
SRC,ITGB4,1
SRC,ITGB5,1
SRC,ITGB8,1
SRC,PAK2,1
SRC,PIK3CA,1
SRC,PIK3R2,1
SRC,PRKCD,1
SRC,PRKD1,1
SRC,PTEN,-1
SRC,PTK2,1
SRC,RPS6KA3,1
SRC,SHC1,1
SRC,SNCA,1
SRC,STAT1,1
SRC,TRIP6,1
SRC,VAV1,1
STAM2,JAK1,1
STAM2,TYK2,1
STAT1,CDKN1B,1
STAT1,IRF9,1
STAT1,MYC,-1
STAT1,SOCS1,1
STAT2,IRF9,1
STAT2,STAT1,1
STEAP3,BNIP3L,1
STRAP,SMAD3,-1
TAGLN2,ACTB,-1
TLN1,ITGB1,1
TLN1,ITGB4,1
TLN1,ITGB5,1
TLN1,ITGB8,1
TOPBP1,RAD9A,1
TP53,BBC3,1
TP53,BCL2,-1
TP53,BNIP3L,1
TP53,DDB2,1
TP53,DDR1,1
TP53,DUSP1,1
TP53,HMGB1,1
TP53,HRAS,1
TP53,HSP90AB1,-1
TP53,PIDD1,1
TP53,PMAIP1,1
TP53,RPS6KA1,1
TP53,SFN,1
TP53,STEAP3,1
TRIP6,RIPK2,1
TYK2,EIF2AK2,1
TYK2,IFNAR1,1
TYK2,PTPN11,1
TYK2,STAT1,1
TYK2,STAT2,1
VASP,ACTB,1
VAV1,GRB2,1
VAV1,HRAS,1
VAV1,MAPK1,1
VAV1,PIK3CA,1
VAV1,SRC,1
ETV4,TIMP1,1
JDP2,LGALS1,-1
RUNX2,RUNX2,1
JUN,ATF2,1
ATF2,JUN,1
SP1,SP1,1
JUND,JUND,1
SP1,SP3,1
JUN,JUN,1
SP1,HMGA2,1
SP3,HMGA2,1
JUND,NR4A1,1
STAT3,STAT3,1
STAT1,VIM,1
SP1,PKM,1
SP3,PKM,1
SP1,LGALS1,1
SP1,VIM,1
JUND,TIMP1,1
SP1,TIMP1,1
STAT1,STAT1,1
NFATC1,NFATC1,1
SMARCA1,SMARCA1,1
HR,TIMP1,1
ATF4,ATF4,1
JDP2,JUN,-1
KLF10,SMAD3,1
SP3,SP3,1
JUN,TIMP1,1
ATF2,ATF2,1
JDP2,ATF2,-1
STAT3,VIM,1
RUNX2,TIMP1,1
STAT1,JUN,1
SP1,TIMP2,1
SNAI2,SNAI2,1
TFAP4,TFAP4,1
JUN,VIM,1
STAT3,TIMP1,1
ATF2,TIMP1,1
JUN,SP1,1
SP1,JUN,1
ATF2,ATF4,1
ATF4,ATF2,1
SP1,SNAI2,1
ZEB1,VIM,1
SP3,VIM,1
TCF7L2,RUNX2,1
SP1,NFATC1,1
SP1,SMARCA1,1
JUN,SP3,1
HMGA2,HMGA2,1
JUN,PPARD,1
STAT3,SP1,1
ATF4,VIM,1
SNAI2,RUNX2,1
RUNX2,SNAI2,1
DNMT3A,TIMP2,-1
STAT1,SMAD3,1
JDP2,VIM,-1
HMGA2,VIM,1
ATF4,RUNX2,1
MTA1,MTA1,1
SP1,SMAD3,1
JUN,NR4A1,1
NR4A1,JUN,1
SP1,ATF2,1
NFATC1,TIMP1,1
KLF10,RUNX2,1
SNAI2,STAT1,1
STAT3,STAT1,1
STAT1,STAT3,1
ID2,LGALS1,-1
SNAI2,VIM,1
SP1,JUND,1
MTA1,VIM,1
JUN,JUND,1
ATF4,STAT3,1
HMGA2,JUN,1
HR,LAMB1,1
ETV4,VIM,1
SMARCA1,LGALS1,1
ETV4,ETV4,1
SP3,TIMP1,1
ETV4,TIMP2,1
JUN,RUNX2,1
JUN,TIMP2,1
MTA1,SNAI2,1
NR4A1,TIMP2,1
PPARD,TIMP1,1
SP1,MTA1,1
SP1,NR4A1,1
SP3,TIMP2,1
STAT1,TIMP1,1
TCF4,JUN,1
TCF4,VIM,1
TCF7L2,SNAI2,1
STAT3,TCF7L2,1
TCF7L2,STAT3,1
SP1,RUNX2,1
TCF7L2,VIM,1
SMAD3,TIMP1,1
SMAD3,VIM,1
TCF4,ID2,-1
JUN,LAMB1,1
JUN,STAT3,1
TCF7L2,ZEB1,1
TCF7L2,JUN,1
TFAP4,VIM,1
STAT3,HMGA2,1
PBX1,PBX1,1
PBX1,VIM,1
LAMB1,ITGB1,1
LAMB1,ITGB8,1
LAMB1,ITGB4,1
LAMB1,DAG1,1
LGALS1,ITGB1,1
TIMP2,ITGB1,1
TIMP1,FGFR2,1
ABL1,PSMA7,-1
ABL1,PTPN6,1
ABL2,CEBPB,1
ABL2,PSMA7,-1
ATR,CHEK1,1
ATR,CREB1,-1
ATR,E2F1,1
ATR,KMT2A,1
BHLHE40,STAT1,-1
BHLHE40,VEGFA,-1
BHLHE41,VEGFA,-1
CASP3,PARP1,-1
CASP3,RELA,-1
CDH2,CDON,1
CDK1,ABL1,1
CDK1,CUX1,-1
CDK1,IREB2,-1
CDK1,KMT5A,1
CDK1,PPP1CA,-1
CDK1,RUNX2,1
CDK1,SP1,1
CDK1,TP53,1
CDK2,CEBPB,1
CDK2,E2F1,-1
CDK2,ID3,-1
CDK2,PPP1CA,-1
CDK2,RBL2,-1
CDK2,SP1,1
CDK2,TP53,1
CDKN2A,ATR,1
CDKN2A,CDK2,-1
CDKN2A,TP53,-1
CDON,SPAG9,1
CEBPB,GNAI2,1
CEBPB,LAMC1,1
CEBPB,MFGE8,1
CEBPB,MYC,-1
CEBPG,GNAI2,1
CEBPG,JUN,1
CHEK1,E2F3,1
CHEK1,NFKB1,-1
CREB1,HIF1A,1
CREB1,VEGFA,1
CREBBP,EZH2,1
CREBBP,MYC,1
CREBBP,S100A4,1
CREM,JUN,-1
CSNK2A1,EGR1,-1
CSNK2A1,GPI,-1
CSNK2A1,HDAC1,1
CSNK2A1,JUN,-1
CSNK2A1,LEF1,1
CSNK2A1,NFE2L2,-1
CSNK2A1,PIAS1,1
CSNK2A1,SNAI1,1
CSNK2A1,SP1,-1
CSNK2A1,YY1,1
CUX1,JUN,-1
DAPK1,CDKN2A,1
DAPK1,PKM,1
DNMT3A,VEGFA,-1
E2F1,CHEK1,1
E2F1,EZH2,1
E2F1,HDAC1,1
E2F1,MYC,1
E2F1,VEGFA,-1
E2F4,HMGB1,1
EGR1,HBEGF,1
EGR1,HIF1A,1
EGR1,TIMP2,1
EGR1,VEGFA,1
ERBB2,CDK1,-1
ETS1,JUN,1
ETS1,STAT1,1
EZH2,HOXC13,-1
EZH2,NFE2L2,-1
EZH2,TP53,-1
Enzyme2346__PKM_reverse,Metab__Phosphoenolpyruvate_c,1
Enzyme3844__PGD,Metab__D-Ribulose 5-phosphate_c,1
Enzyme4788__KMT5A,Metab__S-Adenosylhomocysteine_c,1
Enzyme4789__KMT5A,Metab__S-Adenosylhomocysteine_c,1
Enzyme4823__GPI,Metab__Beta-D-Fructose 6-phosphate_c,1
Enzyme619100001__SLC25A1,Metab__Phosphoenolpyruvate_m,1
Enzyme6581__orphanReac3MHISc_reverse,Metab__Histidine_c,1
Enzyme7283__GPI,Metab__Beta-D-Fructose 6-phosphate_c,1
Enzyme7328__TKT_reverse,Metab__D-Erythrose 4-phosphate_c,1
Enzyme8252__KMT5A,Metab__S-Adenosylhomocysteine_c,1
Enzyme8924__PFKFB2,Metab__Beta-D-Fructose 6-phosphate_c,1
FOS,HBEGF,1
FOS,VEGFA,1
FYN,ABL1,1
FYN,ITGB1,1
FYN,MAPK14,1
FYN,PGD,1
FYN,PRKCA,1
FYN,TGFB1I1,1
GLI2,BMP1,-1
GPI,Enzyme4823__GPI,1
GPI,Enzyme7283__GPI,1
HDAC1,EGR1,-1
HDAC1,FOS,-1
HDAC1,NFE2L2,-1
HDAC1,RELA,-1
HDAC1,SMAD3,-1
HDAC1,SMAD4,-1
HDAC1,SMAD7,1
HDAC1,SP1,-1
HDAC1,TP53,-1
HIF1A,HBEGF,1
HIF1A,JUN,1
HIF1A,MYC,-1
HIF1A,NFE2L2,1
HIF1A,THBS1,1
HIF1A,TIMP2,1
HIF1A,VEGFA,1
HIPK2,MECP2,1
HOXC13,LAMB2,1
HR,FN1,1
HR,TGFB1,1
HR,TP53,1
HR,VEGFA,1
ID3,EGR1,-1
ID3,JUN,-1
ID3,THBS1,-1
ID3,VEGFA,-1
IREB2,Enzyme3825__IREB2_reverse,1
JAK1,STAT6,1
JDP2,TP53,-1
JUN,HBEGF,1
JUN,THBS1,1
JUN,VEGFA,1
KMT5A,Enzyme4788__KMT5A,1
KMT5A,Enzyme4789__KMT5A,1
KMT5A,Enzyme8252__KMT5A,1
KMT5A,TP53,1
LEF1,MYC,1
MAP3K7,HIPK2,1
MAP3K7,MAPK8,1
MAP3K7,PRKAA1,1
MAP3K7,SMAD3,-1
MAPK11,HBP1,1
MAPK11,NFE2L2,-1
MAPK14,CASP3,-1
MAPK14,MEF2D,1
MAPK8,JDP2,1
MAPK8,MYC,1
MAPK8,RPS6KB1,1
MAPK8,STAT6,-1
MAX,MYC,1
MYC,DNMT3A,1
MYC,EZH2,1
MYC,GSTP1,1
MYC,HIF1A,-1
MYC,THBS1,-1
Metab__Beta-D-Fructose 6-phosphate_c,Enzyme7328__TKT_reverse,1
Metab__Phosphoenolpyruvate_c,Enzyme619100001__SLC25A1,1
Metab__S-Adenosylhomocysteine_c,Enzyme6581__orphanReac3MHISc_reverse,1
NCOR2,BHLHE41,1
NCOR2,NFE2L2,-1
NCOR2,PPARD,-1
NCOR2,VEGFA,-1
NEDD4L,SMAD7,1
NFE2L2,HIF1A,1
NFE2L2,MYC,-1
NFE2L2,VEGFA,1
NFKB1,HBEGF,1
NFKB1,HIF1A,1
NFKB1,LGALS1,1
NFKB1,VEGFA,1
NOLC1,CSNK2A1,-1
PARP1,KDM5B,-1
PFKFB2,Enzyme8924__PFKFB2,1
PGD,Enzyme3844__PGD,1
PIAS1,SOX9,1
PIAS1,SUMO1,1
PKM,Enzyme2346__PKM_reverse,1
PPARD,CEBPB,1
PPARD,FN1,1
PPARD,HBEGF,1
PPARD,NAMPT,1
PPARD,TGFB1,1
PPARD,VEGFA,1
PPP1CA,HDAC1,1
PPP1CA,SP1,-1
PPP1CA,SP3,-1
PPP1CA,TP53,-1
PRKAA1,NR2C2,-1
PRKAA1,PIAS1,1
PRKAA1,SNAI1,1
PRKACA,FYN,1
PRKACA,GLI2,-1
PRKACA,NOLC1,1
PRKACA,PFKFB2,1
PRKACA,PRKAA1,-1
PRKCA,EPHA2,-1
PRKCA,ERBB2,-1
PRKCA,EWSR1,-1
PRKCA,PFKFB2,1
PRKCA,PTPN6,1
PSMA7,XBP1,-1
PTPN6,JAK1,1
PTPN6,STAT6,1
RBL2,E2F4,1
RELA,HBEGF,1
RELA,HIF1A,1
RELA,NCOR2,-1
RELA,STAT1,1
RELA,VEGFA,1
RPS6KB1,CREM,1
RUNX2,THBS1,1
RUNX2,VEGFA,1
SMAD3,LAMC1,1
SMAD3,MYC,-1
SMAD3,VEGFA,1
SMAD4,JUN,1
SMAD4,MYC,-1
SMAD4,THBS1,1
SMAD7,FN1,-1
SMAD7,MAP3K7,1
SMAD7,MYC,1
SMAD7,PPP1CA,1
SMAD7,SMAD3,-1
SMAD7,VEGFA,-1
SNAI1,RUNX2,-1
SNAI1,THBS1,-1
SNAI1,TP53,-1
SOX9,VEGFA,-1
SP1,GNAI2,1
SP1,HBEGF,1
SP1,HIF1A,1
SP1,LAMC1,1
SP1,THBS1,1
SP1,VEGFA,1
SP3,HBEGF,1
SP3,VEGFA,1
SPAG9,MAPK11,1
SPAG9,MAX,1
SRC,ABL2,1
SRC,CDH2,-1
SRC,DAPK1,-1
SRC,PTPN6,1
STAT1,HMGB1,-1
STAT6,VEGFA,1
SUMO1,PARP1,-1
SUMO1,SRF,-1
TFAP2A,HIF1A,1
TFAP2A,TIMP2,1
TFAP2A,VEGFA,1
TFE3,LAMC1,1
TFE3,SP1,1
TFE3,TGFB1,1
TFE3,VEGFA,1
TGFB1I1,SMAD7,-1
TP53,EZH2,-1
TP53,HBEGF,1
TP53,JUN,1
TP53,LGALS1,1
TP53,MFGE8,1
TP53,MYC,-1
TP53,NFE2L2,1
TP53,SMAD3,1
TP53,STAT1,1
TP53,THBS1,1
TRAF2,MAP3K7,1
USF1,THBS1,1
USF2,HIF1A,1
USF2,THBS1,1
XBP1,JUN,1
XBP1,VEGFA,1
YY1,HDAC1,1
YY1,MYC,1
YY1,PPARD,-1
YY1,THBS1,-1
THBS1,ITGB1,1
FN1,ITGB1,1
LAMC1,ITGB1,1
LAMC1,DAG1,1
LAMB2,ITGB1,1
LAMB2,DAG1,1
TGFB1,ITGB1,1
TGFB1,ITGB5,1
BMP1,BMPR2,1
VEGFA,ITGB1,1
S100A4,ERBB2,1
HBEGF,ERBB2,1
GNAI2,IGF1R,1
TGFB1,SMAD3,1
GSTP1,TRAF2,1
NAMPT,ITGB1,1
MFGE8,ITGB5,1
