source,target,sign,consistency
ABL1,CDKN1B,-1,TRUE
ABL1,JUN,1,TRUE
ABL1,MTOR,1,TRUE
ABL1,NCOA3,1,TRUE
ABL1,STAT1,1,TRUE
ABL1,TOP1,1,TRUE
ADA,Gene5557__ADA,1,TRUE
ADA,Gene5783__ADA,1,TRUE
ADA,Gene5784__ADA,1,TRUE
AKT1,CDKN1A,-1,TRUE
AKT1,CDKN1B,-1,TRUE
AKT1,CLK2,1,TRUE
AKT1,EP300,1,TRUE
AKT1,HK1,1,TRUE
AKT1,IMPDH2,1,TRUE
AKT1,JUN,1,TRUE
AKT1,MDM2,1,TRUE
AKT1,PHB2,-1,TRUE
AKT1,SKI,-1,TRUE
AKT1,SLC9A1,1,TRUE
AKT1,TKT,1,TRUE
AKT1,YWHAE,1,TRUE
AKT1,YWHAQ,1,TRUE
AKT2,CDKN1B,-1,TRUE
AKT2,EP300,1,TRUE
AKT2,GSK3B,-1,TRUE
AKT2,JUN,1,TRUE
AKT2,MDM2,1,TRUE
ALDOA,Gene4834__ALDOA,1,TRUE
ALDOA,Gene4834__ALDOA_reverse,1,TRUE
ALDOA,Gene7276__ALDOA,1,TRUE
ALDOA,Gene7345__ALDOA,1,TRUE
ALDOA,Gene7345__ALDOA_reverse,1,TRUE
ALDOA,Gene7536__ALDOA,1,TRUE
AURKA,AKT1,1,TRUE
AURKA,HDAC6,1,TRUE
AURKA,RASSF1,-1,TRUE
BCL3,NFKB2,1,TRUE
CASP2,DIABLO,1,TRUE
CASP2,TRAF2,1,TRUE
CBS,Gene3659__CBS,1,TRUE
CCND1,CDK6,1,TRUE
CCND1,SUV39H1,1,TRUE
CCND3,CASP2,1,TRUE
CCND3,CCNE1,1,TRUE
CCND3,CDK6,1,TRUE
CCND3,SUV39H1,1,TRUE
CCNE1,CDKN1A,-1,TRUE
CCNE1,E2F1,1,TRUE
CCNE1,TFDP1,1,TRUE
CDK1,ABL1,1,TRUE
CDK1,BUB1B,1,TRUE
CDK1,E2F1,1,TRUE
CDK1,ERF,-1,TRUE
CDK1,KMT5A,1,TRUE
CDK1,MAPK6,1,TRUE
CDK1,SP1,1,TRUE
CDK1,UBXN2B,-1,TRUE
CDK6,CDKN1A,-1,TRUE
CDK6,SUV39H1,1,TRUE
CDKN1A,CCND1,-1,TRUE
CDKN1A,CCND3,-1,TRUE
CDKN1A,CCNE1,-1,TRUE
CDKN1A,CDK1,-1,TRUE
CDKN1A,E2F1,-1,TRUE
CDKN1A,STAT3,-1,TRUE
CDKN1A,TFDP1,-1,TRUE
CDKN1B,CCND1,-1,TRUE
CDKN1B,CCND3,-1,TRUE
CDKN1B,CCNE1,-1,TRUE
CDKN2C,CDK6,-1,TRUE
CLK2,MDM2,1,TRUE
CLK2,TRIM28,1,TRUE
COQ5,Gene4777__COQ5,1,TRUE
DDB1,E2F1,1,TRUE
DDB2,CDKN1A,-1,TRUE
DDB2,XPC,1,TRUE
DDX17,MDM2,1,TRUE
DHCR24,DHCR7,1,TRUE
DHCR24,Gene2755__DHCR24,1,TRUE
DHCR24,Gene4425__DHCR24,1,TRUE
DHCR24,Gene5818__DHCR24,1,TRUE
DHCR24,Gene5819__DHCR24,1,TRUE
DHCR24,Gene5820__DHCR24,1,TRUE
DHCR24,Gene9806__DHCR24,1,TRUE
DHCR7,Gene5821__DHCR7,1,TRUE
DHCR7,Gene5822__DHCR7,1,TRUE
DHCR7,Gene8192__DHCR7,1,TRUE
E2F1,AURKA,1,TRUE
E2F1,CCND1,1,TRUE
E2F1,CCND3,1,TRUE
E2F1,CCNE1,1,TRUE
E2F1,CDK1,1,TRUE
E2F1,DDB2,1,TRUE
E2F1,FBXO5,1,TRUE
E2F1,JUN,1,TRUE
E2F1,NCOA3,1,TRUE
E2F1,TFDP1,1,TRUE
E2F1,TOP1,1,TRUE
E2F1,XPC,1,TRUE
E2F1,YWHAQ,1,TRUE
E2F3,AURKA,1,TRUE
E2F3,CCND3,1,TRUE
E2F3,CDK1,1,TRUE
E2F3,E2F1,1,TRUE
E2F3,TFDP1,1,TRUE
EGLN1,HIF1A,-1,TRUE
EIF2B1,EIF2S1,1,TRUE
EIF2B5,EIF2S2,1,TRUE
EIF2S1,EIF2B5,-1,TRUE
EIF2S2,EGLN1,1,TRUE
EP300,CCND1,1,TRUE
EP300,DDX17,1,TRUE
EP300,E2F1,1,TRUE
EP300,HIF1A,1,TRUE
EP300,MEF2A,1,TRUE
EP300,MEF2D,1,TRUE
EP300,STAT3,1,TRUE
EP300,YY1,1,TRUE
ERBB2,AKT1,-1,TRUE
ERBB2,CDK1,-1,TRUE
ERCC2,ERCC3,1,TRUE
ERCC3,XPC,1,TRUE
ERF,ETS2,-1,TRUE
ETS2,MDM2,1,TRUE
FBXO5,FZR1,-1,TRUE
GADD45A,CDK1,-1,TRUE
GADD45A,PCNA,1,TRUE
GADD45B,CDK1,-1,TRUE
GADD45B,PCNA,1,TRUE
GAPDH,Gene7546__GAPDH,1,TRUE
GAPDH,Gene7546__GAPDH_reverse,1,TRUE
GPI,Gene4823__GPI,1,TRUE
GPI,Gene7283__GPI,1,TRUE
GSK3B,CCND1,-1,TRUE
GSK3B,CCND3,-1,TRUE
GSK3B,CCNE1,-1,TRUE
GSK3B,CDK1,-1,TRUE
GSK3B,CDK6,-1,TRUE
GSK3B,EIF2B1,-1,TRUE
GSK3B,HNRNPD,-1,TRUE
GSK3B,JUN,-1,TRUE
GSK3B,SFPQ,-1,TRUE
GSK3B,TP53,1,TRUE
GSK3B,UBE2A,1,TRUE
GSTP1,TRAF2,1,TRUE
Gene1010__SLC2A1,Metab__HMDB0000169_c,1,TRUE
Gene1010__SLC2A1_reverse,Metab__HMDB0000169_e,1,TRUE
Gene1102__orphanReacNH4tn,Metab__HMDB0000051_n,1,TRUE
Gene1102__orphanReacNH4tn_reverse,Metab__HMDB0000051_c,1,TRUE
Gene1260__UPP1_reverse,Metab__HMDB0000296_c,1,TRUE
Gene146200002__SLC35A2,Metab__HMDB0000288_c,1,TRUE
Gene146400002__orphanReacUDPGLCAtg,Metab__HMDB0000288_g,1,TRUE
Gene1465__orphanReacUDPGLCter_TRANSPORTER2,Metab__HMDB0000288_c,1,TRUE
Gene1465__orphanReacUDPGLCter_TRANSPORTER3_reverse,Metab__HMDB0000288_r,1,TRUE
Gene147000001__orphanReacUDPXYLter,Metab__HMDB0000288_c,1,TRUE
Gene147100001__SLC35B4,Metab__HMDB0000288_c,1,TRUE
Gene1472__B4GALT2,Metab__HMDB0000186_g,1,TRUE
Gene1489__orphanReacUMPtr,Metab__HMDB0000288_r,1,TRUE
Gene1489__orphanReacUMPtr_reverse,Metab__HMDB0000288_c,1,TRUE
Gene1493__SLC29A1,Metab__HMDB0000296_c,1,TRUE
Gene1493__SLC29A1_reverse,Metab__HMDB0000296_e,1,TRUE
Gene1494__orphanReacUritn,Metab__HMDB0000296_n,1,TRUE
Gene1494__orphanReacUritn_reverse,Metab__HMDB0000296_c,1,TRUE
Gene1675__orphanReacr0840,Metab__r5p_r,1,TRUE
Gene1675__orphanReacr0840_reverse,Metab__r5p_c,1,TRUE
Gene1676__orphanReacr0841,Metab__HMDB0000618_r,1,TRUE
Gene1676__orphanReacr0841_reverse,Metab__HMDB0000618_c,1,TRUE
Gene1722__orphanReacr1051,Metab__HMDB0000067_r,1,TRUE
Gene1722__orphanReacr1051_reverse,Metab__HMDB0000067_l,1,TRUE
Gene1758__orphanReacr1384,Metab__HMDB0000051_c,1,TRUE
Gene1758__orphanReacr1384,Metab__HMDB0000299_c,1,TRUE
Gene1758__orphanReacr1384_reverse,Metab__HMDB0000133_c,1,TRUE
Gene1764__orphanReacr1428,Metab__HMDB0001473_x,1,TRUE
Gene1764__orphanReacr1428_reverse,Metab__HMDB0001473_c,1,TRUE
Gene255__orphanReacCHSTEROLt3,Metab__HMDB0000067_m,1,TRUE
Gene255__orphanReacCHSTEROLt3_reverse,Metab__HMDB0000067_c,1,TRUE
Gene2730__orphanReacAHCYStm,Metab__HMDB0000939_m,1,TRUE
Gene2730__orphanReacAHCYStm_reverse,Metab__HMDB0000939_c,1,TRUE
Gene2747__orphanReacCHSTEROLtrc,Metab__HMDB0000067_c,1,TRUE
Gene2747__orphanReacCHSTEROLtrc_reverse,Metab__HMDB0000067_r,1,TRUE
Gene2755__DHCR24,Metab__HMDB0000067_r,1,TRUE
Gene3659__CBS,Metab__HMDB0000099_c,1,TRUE
Gene3711__IMPDH2,Metab__HMDB0062755_c,1,TRUE
Gene3756__PNP,Metab__HMDB0000132_c,1,TRUE
Gene3756__PNP,Metab__HMDB0001489_c,1,TRUE
Gene3756__PNP_reverse,Metab__HMDB0000133_c,1,TRUE
Gene3758__PNP_reverse,Metab__HMDB0000195_c,1,TRUE
Gene3764__PNP_reverse,Metab__HMDB0000299_c,1,TRUE
Gene3771__RPE,Metab__HMDB0000868_c,1,TRUE
Gene3771__RPE_reverse,Metab__HMDB0000618_c,1,TRUE
Gene3776__NT5C3A,Metab__HMDB0000296_c,1,TRUE
Gene3777__TALDO1_reverse,Metab__HMDB0001068_c,1,TRUE
Gene3777__TALDO1_reverse,Metab__HMDB0001112_c,1,TRUE
Gene3779__NT5C,Metab__HMDB0000299_c,1,TRUE
Gene3779__NT5C2,Metab__HMDB0000299_c,1,TRUE
Gene3779__NT5C3A,Metab__HMDB0000299_c,1,TRUE
Gene3782__TKT,Metab__HMDB0001068_c,1,TRUE
Gene3782__TKT,Metab__HMDB0001112_c,1,TRUE
Gene3782__TKT_reverse,Metab__HMDB0000868_c,1,TRUE
Gene3782__TKT_reverse,Metab__r5p_c,1,TRUE
Gene3787__orphanReacNH4t,Metab__HMDB0000051_c,1,TRUE
Gene3787__orphanReacNH4t_reverse,Metab__HMDB0000051_e,1,TRUE
Gene3795__TPI1,Metab__HMDB0001112_c,1,TRUE
Gene3795__TPI1_reverse,Metab__HMDB0001473_c,1,TRUE
Gene4213__orphanReacNH4tr,Metab__HMDB0000051_r,1,TRUE
Gene4213__orphanReacNH4tr_reverse,Metab__HMDB0000051_c,1,TRUE
Gene4425__DHCR24,Metab__HMDB0000067_c,1,TRUE
Gene443__orphanReacDUDPtn,Metab__HMDB0001000_n,1,TRUE
Gene443__orphanReacDUDPtn_reverse,Metab__HMDB0001000_c,1,TRUE
Gene4449__HDLBP,Metab__HMDB0000067_g,1,TRUE
Gene4449__HDLBP_reverse,Metab__HMDB0000067_c,1,TRUE
Gene4449__NPC1,Metab__HMDB0000067_g,1,TRUE
Gene4449__NPC1_reverse,Metab__HMDB0000067_c,1,TRUE
Gene4777__COQ5,Metab__HMDB0000939_m,1,TRUE
Gene4784__UCK1,Metab__HMDB0000288_c,1,TRUE
Gene4784__UCK2,Metab__HMDB0000288_c,1,TRUE
Gene4784__UCKL1,Metab__HMDB0000288_c,1,TRUE
Gene4788__KMT5A,Metab__HMDB0000939_c,1,TRUE
Gene4788__KMT5A,Metab__M00213_c,1,TRUE
Gene4788__SETD2,Metab__HMDB0000939_c,1,TRUE
Gene4788__SETD2,Metab__M00213_c,1,TRUE
Gene4788__SETDB1,Metab__HMDB0000939_c,1,TRUE
Gene4788__SETDB1,Metab__M00213_c,1,TRUE
Gene4788__SUV39H1,Metab__HMDB0000939_c,1,TRUE
Gene4788__SUV39H1,Metab__M00213_c,1,TRUE
Gene4789__ASH1L,Metab__HMDB0000939_c,1,TRUE
Gene4789__ASH1L,Metab__Ndmelys_c,1,TRUE
Gene4789__DOT1L,Metab__HMDB0000939_c,1,TRUE
Gene4789__DOT1L,Metab__Ndmelys_c,1,TRUE
Gene4789__EHMT1,Metab__HMDB0000939_c,1,TRUE
Gene4789__EHMT1,Metab__Ndmelys_c,1,TRUE
Gene4789__KMT2A,Metab__HMDB0000939_c,1,TRUE
Gene4789__KMT2A,Metab__Ndmelys_c,1,TRUE
Gene4789__KMT2B,Metab__HMDB0000939_c,1,TRUE
Gene4789__KMT2B,Metab__Ndmelys_c,1,TRUE
Gene4789__KMT2C,Metab__HMDB0000939_c,1,TRUE
Gene4789__KMT2C,Metab__Ndmelys_c,1,TRUE
Gene4789__KMT2D,Metab__HMDB0000939_c,1,TRUE
Gene4789__KMT2D,Metab__Ndmelys_c,1,TRUE
Gene4789__KMT2E,Metab__HMDB0000939_c,1,TRUE
Gene4789__KMT2E,Metab__Ndmelys_c,1,TRUE
Gene4789__KMT5A,Metab__HMDB0000939_c,1,TRUE
Gene4789__KMT5A,Metab__Ndmelys_c,1,TRUE
Gene4789__KMT5C,Metab__HMDB0000939_c,1,TRUE
Gene4789__KMT5C,Metab__Ndmelys_c,1,TRUE
Gene4789__NSD1,Metab__HMDB0000939_c,1,TRUE
Gene4789__NSD1,Metab__Ndmelys_c,1,TRUE
Gene4789__SETD1A,Metab__HMDB0000939_c,1,TRUE
Gene4789__SETD1A,Metab__Ndmelys_c,1,TRUE
Gene4789__SETD1B,Metab__HMDB0000939_c,1,TRUE
Gene4789__SETD1B,Metab__Ndmelys_c,1,TRUE
Gene4789__SETD2,Metab__HMDB0000939_c,1,TRUE
Gene4789__SETD2,Metab__Ndmelys_c,1,TRUE
Gene4789__SETD7,Metab__HMDB0000939_c,1,TRUE
Gene4789__SETD7,Metab__Ndmelys_c,1,TRUE
Gene4789__SETDB1,Metab__HMDB0000939_c,1,TRUE
Gene4789__SETDB1,Metab__Ndmelys_c,1,TRUE
Gene4789__SMYD3,Metab__HMDB0000939_c,1,TRUE
Gene4789__SMYD3,Metab__Ndmelys_c,1,TRUE
Gene4789__SUV39H1,Metab__HMDB0000939_c,1,TRUE
Gene4789__SUV39H1,Metab__Ndmelys_c,1,TRUE
Gene4823__GPI,Metab__HMDB0003971_c,1,TRUE
Gene4834__ALDOA,Metab__HMDB0001473_c,1,TRUE
Gene4834__ALDOA_reverse,Metab__HC00664_c,1,TRUE
Gene5557__ADA,Metab__HMDB0000051_c,1,TRUE
Gene5557__ADA,Metab__HMDB0000195_c,1,TRUE
Gene5713__STARD3,Metab__HMDB0000067_m,1,TRUE
Gene5713__STARD3_reverse,Metab__HMDB0000067_l,1,TRUE
Gene5714__orphanReacCHSTEROLt2,Metab__HMDB0000067_m,1,TRUE
Gene5714__orphanReacCHSTEROLt2_reverse,Metab__HMDB0000067_r,1,TRUE
Gene5783__ADA,Metab__HMDB0000051_c,1,TRUE
Gene5784__ADA,Metab__HMDB0000051_e,1,TRUE
Gene5818__DHCR24,Metab__HMDB0001248_r,1,TRUE
Gene5819__DHCR24,Metab__HMDB0001248_r,1,TRUE
Gene5820__DHCR24,Metab__HMDB0000067_r,1,TRUE
Gene5820__DHCR24,Metab__HMDB0001248_r,1,TRUE
Gene5821__DHCR7,Metab__HMDB0002719_r,1,TRUE
Gene5822__DHCR7,Metab__HMDB0000067_r,1,TRUE
Gene650__orphanReacFADtru,Metab__HMDB0001248_c,1,TRUE
Gene6744__orphanReacCYST_Ltr,Metab__HMDB0000099_c,1,TRUE
Gene6744__orphanReacCYST_Ltr_reverse,Metab__HMDB0000099_e,1,TRUE
Gene6746__orphanReacDHAPtr,Metab__HMDB0001473_c,1,TRUE
Gene6746__orphanReacDHAPtr_reverse,Metab__HMDB0001473_e,1,TRUE
Gene6759__orphanReacXMPtr,Metab__HMDB0062755_c,1,TRUE
Gene6759__orphanReacXMPtr_reverse,Metab__HMDB0062755_e,1,TRUE
Gene6760__orphanReacXTSNtr,Metab__HMDB0000299_c,1,TRUE
Gene6760__orphanReacXTSNtr_reverse,Metab__HMDB0000299_e,1,TRUE
Gene7276__ALDOA,Metab__HMDB0001112_c,1,TRUE
Gene7276__ALDOA,Metab__HMDB0001473_c,1,TRUE
Gene7283__GPI,Metab__HMDB0003971_c,1,TRUE
Gene7301__PNP,Metab__HMDB0001489_c,1,TRUE
Gene7301__PNP_reverse,Metab__HMDB0000855_c,1,TRUE
Gene7304__PGM1,Metab__r5p_c,1,TRUE
Gene7304__PGM1_reverse,Metab__HMDB0001489_c,1,TRUE
Gene7304__PGM2,Metab__r5p_c,1,TRUE
Gene7304__PGM2_reverse,Metab__HMDB0001489_c,1,TRUE
Gene7322__PNP,Metab__HMDB0000132_c,1,TRUE
Gene7322__PNP_reverse,Metab__HMDB0000085_c,1,TRUE
Gene7328__TKT,Metab__HMDB0001112_c,1,TRUE
Gene7328__TKT,Metab__HMDB0003971_c,1,TRUE
Gene7345__ALDOA,Metab__HMDB0001473_c,1,TRUE
Gene7345__ALDOA_reverse,Metab__HMDB0006534_c,1,TRUE
Gene7374__GALT,Metab__HMDB0001586_c,1,TRUE
Gene7374__GALT_reverse,Metab__HMDB0000286_c,1,TRUE
Gene7374__GALT_reverse,Metab__HMDB0000645_c,1,TRUE
Gene7536__ALDOA,Metab__HMDB0001473_c,1,TRUE
Gene7546__GAPDH,Metab__HMDB0001270_c,1,TRUE
Gene7546__GAPDH_reverse,Metab__HMDB0001112_c,1,TRUE
Gene7682__GALK1,Metab__HMDB0000645_c,1,TRUE
Gene7704__HK1,Metab__HMDB0003971_c,1,TRUE
Gene786__SLC2A1,Metab__HMDB0000143_c,1,TRUE
Gene8192__DHCR7,Metab__HMDB0000067_c,1,TRUE
Gene8252__ASH1L,Metab__HMDB0000939_c,1,TRUE
Gene8252__ASH1L,Metab__Ntmelys_c,1,TRUE
Gene8252__DOT1L,Metab__HMDB0000939_c,1,TRUE
Gene8252__DOT1L,Metab__Ntmelys_c,1,TRUE
Gene8252__EHMT1,Metab__HMDB0000939_c,1,TRUE
Gene8252__EHMT1,Metab__Ntmelys_c,1,TRUE
Gene8252__KMT2A,Metab__HMDB0000939_c,1,TRUE
Gene8252__KMT2A,Metab__Ntmelys_c,1,TRUE
Gene8252__KMT2B,Metab__HMDB0000939_c,1,TRUE
Gene8252__KMT2B,Metab__Ntmelys_c,1,TRUE
Gene8252__KMT2C,Metab__HMDB0000939_c,1,TRUE
Gene8252__KMT2C,Metab__Ntmelys_c,1,TRUE
Gene8252__KMT2D,Metab__HMDB0000939_c,1,TRUE
Gene8252__KMT2D,Metab__Ntmelys_c,1,TRUE
Gene8252__KMT2E,Metab__HMDB0000939_c,1,TRUE
Gene8252__KMT2E,Metab__Ntmelys_c,1,TRUE
Gene8252__KMT5A,Metab__HMDB0000939_c,1,TRUE
Gene8252__KMT5A,Metab__Ntmelys_c,1,TRUE
Gene8252__KMT5C,Metab__HMDB0000939_c,1,TRUE
Gene8252__KMT5C,Metab__Ntmelys_c,1,TRUE
Gene8252__NSD1,Metab__HMDB0000939_c,1,TRUE
Gene8252__NSD1,Metab__Ntmelys_c,1,TRUE
Gene8252__SETD1A,Metab__HMDB0000939_c,1,TRUE
Gene8252__SETD1A,Metab__Ntmelys_c,1,TRUE
Gene8252__SETD1B,Metab__HMDB0000939_c,1,TRUE
Gene8252__SETD1B,Metab__Ntmelys_c,1,TRUE
Gene8252__SETD2,Metab__HMDB0000939_c,1,TRUE
Gene8252__SETD2,Metab__Ntmelys_c,1,TRUE
Gene8252__SETD7,Metab__HMDB0000939_c,1,TRUE
Gene8252__SETD7,Metab__Ntmelys_c,1,TRUE
Gene8252__SETDB1,Metab__HMDB0000939_c,1,TRUE
Gene8252__SETDB1,Metab__Ntmelys_c,1,TRUE
Gene8252__SMYD3,Metab__HMDB0000939_c,1,TRUE
Gene8252__SMYD3,Metab__Ntmelys_c,1,TRUE
Gene8252__SUV39H1,Metab__HMDB0000939_c,1,TRUE
Gene8252__SUV39H1,Metab__Ntmelys_c,1,TRUE
Gene825__orphanReacGLCter,Metab__HMDB0000122_r,1,TRUE
Gene825__orphanReacGLCter_reverse,Metab__HMDB0000122_c,1,TRUE
Gene8988__AKR1A1,Metab__HMDB0000107_c,1,TRUE
Gene8988__AKR1A1_reverse,Metab__HMDB0000143_c,1,TRUE
Gene8988__AKR1B1,Metab__HMDB0000107_c,1,TRUE
Gene8988__AKR1B1_reverse,Metab__HMDB0000143_c,1,TRUE
Gene9039__orphanReacGLCMter,Metab__HMDB0000122_e,1,TRUE
Gene9047__SLC2A1,Metab__HMDB0000122_c,1,TRUE
Gene9047__SLC2A1_reverse,Metab__HMDB0000122_e,1,TRUE
Gene9047__SLC2A6,Metab__HMDB0000122_c,1,TRUE
Gene9047__SLC2A6_reverse,Metab__HMDB0000122_e,1,TRUE
Gene9047__SLC2A8,Metab__HMDB0000122_c,1,TRUE
Gene9047__SLC2A8_reverse,Metab__HMDB0000122_e,1,TRUE
Gene9049__SLC2A1,Metab__HMDB0000122_g,1,TRUE
Gene9049__SLC2A1_reverse,Metab__HMDB0000122_c,1,TRUE
Gene9087__SLC29A1,Metab__HMDB0000133_c,1,TRUE
Gene9087__SLC29A1_reverse,Metab__HMDB0000133_e,1,TRUE
Gene9272__SLC9A1,Metab__HMDB0000051_c,1,TRUE
Gene9272__SLC9A1_reverse,Metab__HMDB0000051_e,1,TRUE
Gene9290__NME1_NME2,Metab__HMDB0001191_n,1,TRUE
Gene9290__NME1_NME2_reverse,Metab__HMDB0001000_n,1,TRUE
Gene9290__NME2_NME1,Metab__HMDB0001191_n,1,TRUE
Gene9290__NME2_NME1_reverse,Metab__HMDB0001000_n,1,TRUE
Gene939__orphanReacIDPtn,Metab__HMDB0003335_n,1,TRUE
Gene939__orphanReacIDPtn_reverse,Metab__HMDB0003335_c,1,TRUE
Gene95100001__SLC12A4,Metab__HMDB0000051_c,1,TRUE
Gene95100001__SLC12A7,Metab__HMDB0000051_c,1,TRUE
Gene960__GLB1,Metab__HMDB0000122_e,1,TRUE
Gene9635__UCK1,Metab__HMDB0000288_c,1,TRUE
Gene9635__UCK2,Metab__HMDB0000288_c,1,TRUE
Gene9635__UCKL1,Metab__HMDB0000288_c,1,TRUE
Gene964__orphanReacLCTStg,Metab__HMDB0000186_e,1,TRUE
Gene9715__HK1,Metab__HMDB0003335_c,1,TRUE
Gene9715__HK1,Metab__HMDB0003971_c,1,TRUE
Gene9716__HK1,Metab__HMDB0003335_c,1,TRUE
Gene9717__HK1,Metab__HMDB0003335_c,1,TRUE
Gene9770__PFKL,Metab__HC01180_c,1,TRUE
Gene9770__PFKL,Metab__HMDB0003335_c,1,TRUE
Gene9770__PFKL_reverse,Metab__HC00664_c,1,TRUE
Gene9806__DHCR24,Metab__chlstol_r,1,TRUE
Gene9854__orphanReacr1052,Metab__HMDB0000067_c,1,TRUE
Gene9863__UCK1,Metab__HMDB0000288_c,1,TRUE
Gene9863__UCK1,Metab__HMDB0001000_c,1,TRUE
Gene9863__UCK1_reverse,Metab__HMDB0000296_c,1,TRUE
Gene9863__UCK2,Metab__HMDB0000288_c,1,TRUE
Gene9863__UCK2,Metab__HMDB0001000_c,1,TRUE
Gene9863__UCK2_reverse,Metab__HMDB0000296_c,1,TRUE
Gene9863__UCKL1,Metab__HMDB0000288_c,1,TRUE
Gene9863__UCKL1,Metab__HMDB0001000_c,1,TRUE
Gene9863__UCKL1_reverse,Metab__HMDB0000296_c,1,TRUE
HDAC6,SRSF2,1,TRUE
HIF1A,ALDOA,1,TRUE
HIF1A,E2F3,1,TRUE
HIF1A,GAPDH,1,TRUE
HIF1A,GPI,1,TRUE
HIF1A,SLC2A1,1,TRUE
HIF1A,TM9SF4,-1,TRUE
HK1,Gene7704__HK1,1,TRUE
HK1,Gene9715__HK1,1,TRUE
HK1,Gene9716__HK1,1,TRUE
HK1,Gene9717__HK1,1,TRUE
HNRNPD,GADD45A,-1,TRUE
HSPB1,SP1,1,TRUE
HSPB1,TP53,-1,TRUE
IMPDH2,Gene3711__IMPDH2,1,TRUE
ISG15,JAK1,1,TRUE
JAK1,PTPN11,1,TRUE
JAK1,STAT1,1,TRUE
JAK1,STAT3,1,TRUE
JAK1,TYK2,1,TRUE
JUN,CCND1,1,TRUE
JUN,CCND3,1,TRUE
JUN,CDKN1A,-1,TRUE
JUN,TP53,-1,TRUE
KMT5A,Gene4788__KMT5A,1,TRUE
KMT5A,Gene4789__KMT5A,1,TRUE
KMT5A,Gene8252__KMT5A,1,TRUE
LIG1,PCNA,1,TRUE
MAD1L1,MAD2L1,1,TRUE
MAPK6,NCOA3,1,TRUE
MDM2,CDKN1A,-1,TRUE
MDM2,E2F1,1,TRUE
MDM2,HIF1A,1,TRUE
MDM2,TP53,-1,TRUE
MEF2A,JUN,1,TRUE
MEF2D,JUN,1,TRUE
MEF2D,MEF2A,1,TRUE
MTOR,AKT1,1,TRUE
MTOR,AKT2,1,TRUE
MTOR,HIF1A,1,TRUE
MTOR,STAT3,1,TRUE
Metab__HC00664_c,Gene4834__ALDOA,1,TRUE
Metab__HC00664_c,Gene9770__PFKL,1,TRUE
Metab__HC01180_c,Gene9770__PFKL_reverse,1,TRUE
Metab__HMDB0000051_c,Gene1102__orphanReacNH4tn,1,TRUE
Metab__HMDB0000051_c,Gene1758__orphanReacr1384_reverse,1,TRUE
Metab__HMDB0000051_c,Gene3787__orphanReacNH4t_reverse,1,TRUE
Metab__HMDB0000051_c,Gene4213__orphanReacNH4tr,1,TRUE
Metab__HMDB0000051_c,Gene9272__SLC9A1_reverse,1,TRUE
Metab__HMDB0000051_e,Gene3787__orphanReacNH4t,1,TRUE
Metab__HMDB0000051_e,Gene9272__SLC9A1,1,TRUE
Metab__HMDB0000051_e,Gene95100001__SLC12A4,1,TRUE
Metab__HMDB0000051_e,Gene95100001__SLC12A7,1,TRUE
Metab__HMDB0000051_n,Gene1102__orphanReacNH4tn_reverse,1,TRUE
Metab__HMDB0000051_r,Gene4213__orphanReacNH4tr_reverse,1,TRUE
Metab__HMDB0000067_c,AKT1,1,TRUE
Metab__HMDB0000067_c,DHCR24,1,TRUE
Metab__HMDB0000067_c,Gene255__orphanReacCHSTEROLt3,1,TRUE
Metab__HMDB0000067_c,Gene2747__orphanReacCHSTEROLtrc_reverse,1,TRUE
Metab__HMDB0000067_c,Gene4449__HDLBP,1,TRUE
Metab__HMDB0000067_c,Gene4449__NPC1,1,TRUE
Metab__HMDB0000067_g,Gene4449__HDLBP_reverse,1,TRUE
Metab__HMDB0000067_g,Gene4449__NPC1_reverse,1,TRUE
Metab__HMDB0000067_l,Gene1722__orphanReacr1051,1,TRUE
Metab__HMDB0000067_l,Gene5713__STARD3,1,TRUE
Metab__HMDB0000067_l,Gene9854__orphanReacr1052,1,TRUE
Metab__HMDB0000067_m,Gene255__orphanReacCHSTEROLt3_reverse,1,TRUE
Metab__HMDB0000067_m,Gene5713__STARD3_reverse,1,TRUE
Metab__HMDB0000067_m,Gene5714__orphanReacCHSTEROLt2_reverse,1,TRUE
Metab__HMDB0000067_r,Gene1722__orphanReacr1051_reverse,1,TRUE
Metab__HMDB0000067_r,Gene2747__orphanReacCHSTEROLtrc,1,TRUE
Metab__HMDB0000067_r,Gene5714__orphanReacCHSTEROLt2,1,TRUE
Metab__HMDB0000085_c,Gene7322__PNP,1,TRUE
Metab__HMDB0000085_c,Gene9739__DGUOK,1,TRUE
Metab__HMDB0000099_c,Gene6744__orphanReacCYST_Ltr_reverse,1,TRUE
Metab__HMDB0000099_e,Gene6744__orphanReacCYST_Ltr,1,TRUE
Metab__HMDB0000107_c,Gene8988__AKR1A1_reverse,1,TRUE
Metab__HMDB0000107_c,Gene8988__AKR1B1_reverse,1,TRUE
Metab__HMDB0000122_c,Gene825__orphanReacGLCter,1,TRUE
Metab__HMDB0000122_c,Gene9047__SLC2A1_reverse,1,TRUE
Metab__HMDB0000122_c,Gene9047__SLC2A6_reverse,1,TRUE
Metab__HMDB0000122_c,Gene9047__SLC2A8_reverse,1,TRUE
Metab__HMDB0000122_c,Gene9049__SLC2A1,1,TRUE
Metab__HMDB0000122_e,Gene9047__SLC2A1,1,TRUE
Metab__HMDB0000122_e,Gene9047__SLC2A6,1,TRUE
Metab__HMDB0000122_e,Gene9047__SLC2A8,1,TRUE
Metab__HMDB0000122_g,Gene1472__B4GALT2,1,TRUE
Metab__HMDB0000122_g,Gene9049__SLC2A1_reverse,1,TRUE
Metab__HMDB0000122_r,Gene825__orphanReacGLCter_reverse,1,TRUE
Metab__HMDB0000122_r,Gene9039__orphanReacGLCMter,1,TRUE
Metab__HMDB0000132_c,Gene3756__PNP_reverse,1,TRUE
Metab__HMDB0000132_c,Gene7322__PNP_reverse,1,TRUE
Metab__HMDB0000133_c,Gene1758__orphanReacr1384,1,TRUE
Metab__HMDB0000133_c,Gene3756__PNP,1,TRUE
Metab__HMDB0000133_c,Gene9087__SLC29A1_reverse,1,TRUE
Metab__HMDB0000133_e,Gene9087__SLC29A1,1,TRUE
Metab__HMDB0000143_c,Gene7682__GALK1,1,TRUE
Metab__HMDB0000143_c,Gene8988__AKR1A1,1,TRUE
Metab__HMDB0000143_c,Gene8988__AKR1B1,1,TRUE
Metab__HMDB0000169_c,Gene1010__SLC2A1_reverse,1,TRUE
Metab__HMDB0000169_c,Gene9716__HK1,1,TRUE
Metab__HMDB0000169_e,Gene1010__SLC2A1,1,TRUE
Metab__HMDB0000186_e,Gene960__GLB1,1,TRUE
Metab__HMDB0000186_g,Gene964__orphanReacLCTStg,1,TRUE
Metab__HMDB0000286_c,Gene10513__UGCG,1,TRUE
Metab__HMDB0000286_c,Gene1465__orphanReacUDPGLCter_TRANSPORTER1,1,TRUE
Metab__HMDB0000286_c,Gene1677__orphanReacr0842,1,TRUE
Metab__HMDB0000286_c,Gene7374__GALT,1,TRUE
Metab__HMDB0000288_c,Gene146400002__orphanReacUDPGLCAtg,1,TRUE
Metab__HMDB0000288_c,Gene1465__orphanReacUDPGLCter_TRANSPORTER3_reverse,1,TRUE
Metab__HMDB0000288_c,Gene1489__orphanReacUMPtr,1,TRUE
Metab__HMDB0000288_c,Gene3776__NT5C3A,1,TRUE
Metab__HMDB0000288_c,Gene9863__UCK1_reverse,1,TRUE
Metab__HMDB0000288_c,Gene9863__UCK2_reverse,1,TRUE
Metab__HMDB0000288_c,Gene9863__UCKL1_reverse,1,TRUE
Metab__HMDB0000288_g,Gene146200002__SLC35A2,1,TRUE
Metab__HMDB0000288_g,Gene147100001__SLC35B4,1,TRUE
Metab__HMDB0000288_r,Gene1465__orphanReacUDPGLCter_TRANSPORTER2,1,TRUE
Metab__HMDB0000288_r,Gene147000001__orphanReacUDPXYLter,1,TRUE
Metab__HMDB0000288_r,Gene1489__orphanReacUMPtr_reverse,1,TRUE
Metab__HMDB0000296_c,Gene1493__SLC29A1_reverse,1,TRUE
Metab__HMDB0000296_c,Gene1494__orphanReacUritn,1,TRUE
Metab__HMDB0000296_c,Gene4784__UCK1,1,TRUE
Metab__HMDB0000296_c,Gene4784__UCK2,1,TRUE
Metab__HMDB0000296_c,Gene4784__UCKL1,1,TRUE
Metab__HMDB0000296_c,Gene9635__UCK1,1,TRUE
Metab__HMDB0000296_c,Gene9635__UCK2,1,TRUE
Metab__HMDB0000296_c,Gene9635__UCKL1,1,TRUE
Metab__HMDB0000296_c,Gene9863__UCK1,1,TRUE
Metab__HMDB0000296_c,Gene9863__UCK2,1,TRUE
Metab__HMDB0000296_c,Gene9863__UCKL1,1,TRUE
Metab__HMDB0000296_e,Gene1493__SLC29A1,1,TRUE
Metab__HMDB0000296_n,Gene1494__orphanReacUritn_reverse,1,TRUE
Metab__HMDB0000299_c,Gene1758__orphanReacr1384_reverse,1,TRUE
Metab__HMDB0000299_c,Gene6760__orphanReacXTSNtr_reverse,1,TRUE
Metab__HMDB0000299_e,Gene6760__orphanReacXTSNtr,1,TRUE
Metab__HMDB0000618_c,Gene1676__orphanReacr0841,1,TRUE
Metab__HMDB0000618_c,Gene3771__RPE,1,TRUE
Metab__HMDB0000618_r,Gene1676__orphanReacr0841_reverse,1,TRUE
Metab__HMDB0000645_c,Gene7374__GALT,1,TRUE
Metab__HMDB0000855_c,Gene7301__PNP,1,TRUE
Metab__HMDB0000868_c,Gene3771__RPE_reverse,1,TRUE
Metab__HMDB0000868_c,Gene3782__TKT,1,TRUE
Metab__HMDB0000868_c,Gene7328__TKT,1,TRUE
Metab__HMDB0000939_c,Gene2730__orphanReacAHCYStm,1,TRUE
Metab__HMDB0000939_c,Gene3840__AHCY,1,TRUE
Metab__HMDB0000939_c,Gene3840__AHCYL1,1,TRUE
Metab__HMDB0000939_m,Gene2730__orphanReacAHCYStm_reverse,1,TRUE
Metab__HMDB0001000_c,Gene443__orphanReacDUDPtn,1,TRUE
Metab__HMDB0001000_c,Gene9863__UCK1_reverse,1,TRUE
Metab__HMDB0001000_c,Gene9863__UCK2_reverse,1,TRUE
Metab__HMDB0001000_c,Gene9863__UCKL1_reverse,1,TRUE
Metab__HMDB0001000_n,Gene443__orphanReacDUDPtn_reverse,1,TRUE
Metab__HMDB0001000_n,Gene9290__NME1_NME2,1,TRUE
Metab__HMDB0001000_n,Gene9290__NME2_NME1,1,TRUE
Metab__HMDB0001068_c,Gene3782__TKT_reverse,1,TRUE
Metab__HMDB0001112_c,Gene3782__TKT_reverse,1,TRUE
Metab__HMDB0001112_c,Gene3795__TPI1_reverse,1,TRUE
Metab__HMDB0001112_c,Gene7546__GAPDH,1,TRUE
Metab__HMDB0001191_n,Gene9290__NME1_NME2_reverse,1,TRUE
Metab__HMDB0001191_n,Gene9290__NME2_NME1_reverse,1,TRUE
Metab__HMDB0001248_r,Gene650__orphanReacFADtru,1,TRUE
Metab__HMDB0001270_c,Gene7546__GAPDH_reverse,1,TRUE
Metab__HMDB0001473_c,Gene1764__orphanReacr1428,1,TRUE
Metab__HMDB0001473_c,Gene3795__TPI1,1,TRUE
Metab__HMDB0001473_c,Gene4834__ALDOA_reverse,1,TRUE
Metab__HMDB0001473_c,Gene6746__orphanReacDHAPtr_reverse,1,TRUE
Metab__HMDB0001473_c,Gene7345__ALDOA_reverse,1,TRUE
Metab__HMDB0001473_e,Gene6746__orphanReacDHAPtr,1,TRUE
Metab__HMDB0001473_x,Gene1764__orphanReacr1428_reverse,1,TRUE
Metab__HMDB0001489_c,Gene1260__UPP1_reverse,1,TRUE
Metab__HMDB0001489_c,Gene3756__PNP_reverse,1,TRUE
Metab__HMDB0001489_c,Gene3758__PNP_reverse,1,TRUE
Metab__HMDB0001489_c,Gene3764__PNP_reverse,1,TRUE
Metab__HMDB0001489_c,Gene7301__PNP_reverse,1,TRUE
Metab__HMDB0001489_c,Gene7304__PGM1,1,TRUE
Metab__HMDB0001489_c,Gene7304__PGM2,1,TRUE
Metab__HMDB0001586_c,Gene7374__GALT_reverse,1,TRUE
Metab__HMDB0002719_r,Gene2755__DHCR24,1,TRUE
Metab__HMDB0002719_r,Gene5820__DHCR24,1,TRUE
Metab__HMDB0003335_c,Gene939__orphanReacIDPtn,1,TRUE
Metab__HMDB0003335_c,Gene9770__PFKL_reverse,1,TRUE
Metab__HMDB0003335_n,Gene939__orphanReacIDPtn_reverse,1,TRUE
Metab__HMDB0003971_c,Gene3777__TALDO1_reverse,1,TRUE
Metab__HMDB0006534_c,Gene7345__ALDOA,1,TRUE
Metab__HMDB0062755_c,Gene3779__NT5C,1,TRUE
Metab__HMDB0062755_c,Gene3779__NT5C2,1,TRUE
Metab__HMDB0062755_c,Gene3779__NT5C3A,1,TRUE
Metab__HMDB0062755_c,Gene6759__orphanReacXMPtr_reverse,1,TRUE
Metab__HMDB0062755_e,Gene6759__orphanReacXMPtr,1,TRUE
Metab__M00213_c,Gene4789__ASH1L,1,TRUE
Metab__M00213_c,Gene4789__DOT1L,1,TRUE
Metab__M00213_c,Gene4789__EHMT1,1,TRUE
Metab__M00213_c,Gene4789__KMT2A,1,TRUE
Metab__M00213_c,Gene4789__KMT2B,1,TRUE
Metab__M00213_c,Gene4789__KMT2C,1,TRUE
Metab__M00213_c,Gene4789__KMT2D,1,TRUE
Metab__M00213_c,Gene4789__KMT2E,1,TRUE
Metab__M00213_c,Gene4789__KMT5A,1,TRUE
Metab__M00213_c,Gene4789__KMT5C,1,TRUE
Metab__M00213_c,Gene4789__NSD1,1,TRUE
Metab__M00213_c,Gene4789__SETD1A,1,TRUE
Metab__M00213_c,Gene4789__SETD1B,1,TRUE
Metab__M00213_c,Gene4789__SETD2,1,TRUE
Metab__M00213_c,Gene4789__SETD7,1,TRUE
Metab__M00213_c,Gene4789__SETDB1,1,TRUE
Metab__M00213_c,Gene4789__SMYD3,1,TRUE
Metab__M00213_c,Gene4789__SUV39H1,1,TRUE
Metab__Ndmelys_c,Gene8252__ASH1L,1,TRUE
Metab__Ndmelys_c,Gene8252__DOT1L,1,TRUE
Metab__Ndmelys_c,Gene8252__EHMT1,1,TRUE
Metab__Ndmelys_c,Gene8252__KMT2A,1,TRUE
Metab__Ndmelys_c,Gene8252__KMT2B,1,TRUE
Metab__Ndmelys_c,Gene8252__KMT2C,1,TRUE
Metab__Ndmelys_c,Gene8252__KMT2D,1,TRUE
Metab__Ndmelys_c,Gene8252__KMT2E,1,TRUE
Metab__Ndmelys_c,Gene8252__KMT5A,1,TRUE
Metab__Ndmelys_c,Gene8252__KMT5C,1,TRUE
Metab__Ndmelys_c,Gene8252__NSD1,1,TRUE
Metab__Ndmelys_c,Gene8252__SETD1A,1,TRUE
Metab__Ndmelys_c,Gene8252__SETD1B,1,TRUE
Metab__Ndmelys_c,Gene8252__SETD2,1,TRUE
Metab__Ndmelys_c,Gene8252__SETD7,1,TRUE
Metab__Ndmelys_c,Gene8252__SETDB1,1,TRUE
Metab__Ndmelys_c,Gene8252__SMYD3,1,TRUE
Metab__Ndmelys_c,Gene8252__SUV39H1,1,TRUE
Metab__chlstol_r,Gene5819__DHCR24,1,TRUE
Metab__r5p_c,Gene1675__orphanReacr0840,1,TRUE
Metab__r5p_c,Gene3782__TKT,1,TRUE
Metab__r5p_c,Gene7304__PGM1_reverse,1,TRUE
Metab__r5p_c,Gene7304__PGM2_reverse,1,TRUE
Metab__r5p_r,Gene1675__orphanReacr0840_reverse,1,TRUE
NCOA3,CCND1,1,TRUE
NFKB2,CDK6,1,TRUE
NFYA,SP1,1,TRUE
NFYA,SP3,1,TRUE
NONO,TOP1,1,TRUE
PCNA,CCND3,-1,TRUE
PCNA,CDK6,-1,TRUE
PHB2,MEF2A,-1,TRUE
PTPN11,ERBB2,-1,TRUE
PTPN11,STAT1,1,TRUE
PTPN11,STAT3,1,TRUE
RASSF1,MDM2,-1,TRUE
SETD2,Gene4788__SETD2,1,TRUE
SETD2,Gene4789__SETD2,1,TRUE
SETD2,Gene8252__SETD2,1,TRUE
SETDB1,Gene4788__SETDB1,1,TRUE
SETDB1,Gene4789__SETDB1,1,TRUE
SETDB1,Gene8252__SETDB1,1,TRUE
SFPQ,NONO,1,TRUE
SFPQ,TOP1,1,TRUE
SKI,EP300,-1,TRUE
SLC2A1,Gene1010__SLC2A1,1,TRUE
SLC2A1,Gene1010__SLC2A1_reverse,1,TRUE
SLC2A1,Gene786__SLC2A1,1,TRUE
SLC2A1,Gene9047__SLC2A1,1,TRUE
SLC2A1,Gene9047__SLC2A1_reverse,1,TRUE
SLC2A1,Gene9049__SLC2A1,1,TRUE
SLC2A1,Gene9049__SLC2A1_reverse,1,TRUE
SLC9A1,Gene9272__SLC9A1,1,TRUE
SLC9A1,Gene9272__SLC9A1_reverse,1,TRUE
SP1,ADA,1,TRUE
SP1,ALDOA,1,TRUE
SP1,CBS,1,TRUE
SP1,CCND1,1,TRUE
SP1,CDK1,1,TRUE
SP1,E2F1,1,TRUE
SP1,GSTP1,1,TRUE
SP1,IER3,1,TRUE
SP1,SP3,1,TRUE
SP1,STARD3,1,TRUE
SP1,YY1,1,TRUE
SP3,LCAT,1,TRUE
SP3,SP1,1,TRUE
SRSF2,MDM2,1,TRUE
STARD3,Gene5713__STARD3,1,TRUE
STARD3,Gene5713__STARD3_reverse,1,TRUE
STAT1,FBXO5,1,TRUE
STAT1,ISG15,1,TRUE
STAT1,UPP1,1,TRUE
STAT3,CCND1,1,TRUE
STAT3,CCND3,1,TRUE
STAT3,HSPB1,1,TRUE
STAT3,STAT1,1,TRUE
SUV39H1,Gene4788__SUV39H1,1,TRUE
SUV39H1,Gene4789__SUV39H1,1,TRUE
SUV39H1,Gene8252__SUV39H1,1,TRUE
TFDP1,CCNE1,1,TRUE
TFDP1,CDK1,1,TRUE
TFDP1,E2F1,1,TRUE
TKT,Gene3782__TKT,1,TRUE
TKT,Gene3782__TKT_reverse,1,TRUE
TKT,Gene7328__TKT,1,TRUE
TM9SF4,MTOR,-1,TRUE
TOP1,LIG1,-1,TRUE
TP53,AKT1,-1,TRUE
TP53,BCL3,-1,TRUE
TP53,CCND1,-1,TRUE
TP53,CDK1,-1,TRUE
TP53,CDKN1A,1,TRUE
TP53,CDKN1B,1,TRUE
TP53,CDKN2C,1,TRUE
TP53,E2F1,-1,TRUE
TP53,E2F3,-1,TRUE
TP53,ERCC2,-1,TRUE
TP53,GADD45B,1,TRUE
TP53,GPX1,1,TRUE
TP53,IER3,-1,TRUE
TP53,MAD1L1,-1,TRUE
TP53,NFYA,-1,TRUE
TP53,PCNA,1,TRUE
TP53,SCD,-1,TRUE
TP53,SLC2A1,-1,TRUE
TP53,STAT3,-1,TRUE
TRAF2,TXN,1,TRUE
TRIM28,CDKN1A,-1,TRUE
TRIM28,E2F1,1,TRUE
TRIM28,GADD45A,-1,TRUE
TRIM28,MDM2,1,TRUE
TRIM28,SETDB1,1,TRUE
TXN,SETD2,1,TRUE
TXN,SP1,1,TRUE
TYK2,PTPN11,1,TRUE
TYK2,STAT1,1,TRUE
TYK2,STAT3,1,TRUE
UBE2A,PCNA,1,TRUE
UBXN2B,AURKA,-1,TRUE
UPP1,Gene1260__UPP1_reverse,1,TRUE
XPC,DDB1,1,TRUE
YWHAE,CDKN1B,-1,TRUE
YWHAE,YWHAQ,1,TRUE
YWHAQ,CDKN1B,-1,TRUE
YWHAQ,E2F1,1,TRUE
YWHAQ,MEF2D,1,TRUE
YY1,ADA,1,TRUE
YY1,COQ5,1,TRUE
YY1,EP300,1,TRUE
YY1,PPP2R1A,-1,TRUE
